--
-- PostgreSQL database dump
--

-- Dumped from database version 11.4 (Ubuntu 11.4-1.pgdg18.04+1)
-- Dumped by pg_dump version 11.4 (Ubuntu 11.4-1.pgdg18.04+1)

SET statement_timeout = 0;
SET lock_timeout = 0;
SET idle_in_transaction_session_timeout = 0;
SET client_encoding = 'UTF8';
SET standard_conforming_strings = on;
SELECT pg_catalog.set_config('search_path', '', false);
SET check_function_bodies = false;
SET xmloption = content;
SET client_min_messages = warning;
SET row_security = off;

SET default_tablespace = '';

SET default_with_oids = false;

--
-- Name: ar_internal_metadata; Type: TABLE; Schema: public; Owner: dim
--

CREATE TABLE public.ar_internal_metadata (
    key character varying NOT NULL,
    value character varying,
    created_at timestamp(6) without time zone NOT NULL,
    updated_at timestamp(6) without time zone NOT NULL
);


ALTER TABLE public.ar_internal_metadata OWNER TO dim;

--
-- Name: net_points; Type: TABLE; Schema: public; Owner: dim
--

CREATE TABLE public.net_points (
    id bigint NOT NULL,
    latitude double precision,
    longitude double precision,
    dbm integer,
    asu integer,
    mcc integer,
    operator_id bigint NOT NULL,
    mnc integer,
    net_type character varying,
    user_id bigint NOT NULL,
    created_at timestamp(6) without time zone NOT NULL,
    updated_at timestamp(6) without time zone NOT NULL
);


ALTER TABLE public.net_points OWNER TO dim;

--
-- Name: net_points_id_seq; Type: SEQUENCE; Schema: public; Owner: dim
--

CREATE SEQUENCE public.net_points_id_seq
    START WITH 1
    INCREMENT BY 1
    NO MINVALUE
    NO MAXVALUE
    CACHE 1;


ALTER TABLE public.net_points_id_seq OWNER TO dim;

--
-- Name: net_points_id_seq; Type: SEQUENCE OWNED BY; Schema: public; Owner: dim
--

ALTER SEQUENCE public.net_points_id_seq OWNED BY public.net_points.id;


--
-- Name: operators; Type: TABLE; Schema: public; Owner: dim
--

CREATE TABLE public.operators (
    id bigint NOT NULL,
    mnc integer,
    name character varying,
    created_at timestamp(6) without time zone NOT NULL,
    updated_at timestamp(6) without time zone NOT NULL
);


ALTER TABLE public.operators OWNER TO dim;

--
-- Name: operators_id_seq; Type: SEQUENCE; Schema: public; Owner: dim
--

CREATE SEQUENCE public.operators_id_seq
    START WITH 1
    INCREMENT BY 1
    NO MINVALUE
    NO MAXVALUE
    CACHE 1;


ALTER TABLE public.operators_id_seq OWNER TO dim;

--
-- Name: operators_id_seq; Type: SEQUENCE OWNED BY; Schema: public; Owner: dim
--

ALTER SEQUENCE public.operators_id_seq OWNED BY public.operators.id;


--
-- Name: schema_migrations; Type: TABLE; Schema: public; Owner: dim
--

CREATE TABLE public.schema_migrations (
    version character varying NOT NULL
);


ALTER TABLE public.schema_migrations OWNER TO dim;

--
-- Name: urban_items; Type: TABLE; Schema: public; Owner: dim
--

CREATE TABLE public.urban_items (
    id bigint NOT NULL,
    name character varying,
    created_at timestamp(6) without time zone NOT NULL,
    updated_at timestamp(6) without time zone NOT NULL
);


ALTER TABLE public.urban_items OWNER TO dim;

--
-- Name: urban_items_id_seq; Type: SEQUENCE; Schema: public; Owner: dim
--

CREATE SEQUENCE public.urban_items_id_seq
    START WITH 1
    INCREMENT BY 1
    NO MINVALUE
    NO MAXVALUE
    CACHE 1;


ALTER TABLE public.urban_items_id_seq OWNER TO dim;

--
-- Name: urban_items_id_seq; Type: SEQUENCE OWNED BY; Schema: public; Owner: dim
--

ALTER SEQUENCE public.urban_items_id_seq OWNED BY public.urban_items.id;


--
-- Name: users; Type: TABLE; Schema: public; Owner: dim
--

CREATE TABLE public.users (
    id bigint NOT NULL,
    created_at timestamp(6) without time zone NOT NULL,
    updated_at timestamp(6) without time zone NOT NULL,
    email character varying DEFAULT ''::character varying NOT NULL,
    encrypted_password character varying DEFAULT ''::character varying NOT NULL,
    reset_password_token character varying,
    reset_password_sent_at timestamp without time zone,
    remember_created_at timestamp without time zone,
    sign_in_count integer DEFAULT 0 NOT NULL,
    current_sign_in_at timestamp without time zone,
    last_sign_in_at timestamp without time zone,
    current_sign_in_ip inet,
    last_sign_in_ip inet
);


ALTER TABLE public.users OWNER TO dim;

--
-- Name: users_id_seq; Type: SEQUENCE; Schema: public; Owner: dim
--

CREATE SEQUENCE public.users_id_seq
    START WITH 1
    INCREMENT BY 1
    NO MINVALUE
    NO MAXVALUE
    CACHE 1;


ALTER TABLE public.users_id_seq OWNER TO dim;

--
-- Name: users_id_seq; Type: SEQUENCE OWNED BY; Schema: public; Owner: dim
--

ALTER SEQUENCE public.users_id_seq OWNED BY public.users.id;


--
-- Name: net_points id; Type: DEFAULT; Schema: public; Owner: dim
--

ALTER TABLE ONLY public.net_points ALTER COLUMN id SET DEFAULT nextval('public.net_points_id_seq'::regclass);


--
-- Name: operators id; Type: DEFAULT; Schema: public; Owner: dim
--

ALTER TABLE ONLY public.operators ALTER COLUMN id SET DEFAULT nextval('public.operators_id_seq'::regclass);


--
-- Name: urban_items id; Type: DEFAULT; Schema: public; Owner: dim
--

ALTER TABLE ONLY public.urban_items ALTER COLUMN id SET DEFAULT nextval('public.urban_items_id_seq'::regclass);


--
-- Name: users id; Type: DEFAULT; Schema: public; Owner: dim
--

ALTER TABLE ONLY public.users ALTER COLUMN id SET DEFAULT nextval('public.users_id_seq'::regclass);


--
-- Data for Name: ar_internal_metadata; Type: TABLE DATA; Schema: public; Owner: dim
--

COPY public.ar_internal_metadata (key, value, created_at, updated_at) FROM stdin;
environment	development	2019-09-25 06:46:41.785352	2019-09-25 06:46:41.785352
\.


--
-- Data for Name: net_points; Type: TABLE DATA; Schema: public; Owner: dim
--

COPY public.net_points (id, latitude, longitude, dbm, asu, mcc, operator_id, mnc, net_type, user_id, created_at, updated_at) FROM stdin;
10	55.6096039999999974	49.2989779999999982	-90	7	250	11	99	LTE	1	2019-09-28 08:09:54.351382	2019-09-29 04:55:34.544934
11	55.6531680000000009	49.230043000000002	-82	7	250	11	99	LTE	1	2019-09-28 08:09:54.351382	2019-09-29 04:55:34.59904
12	55.7550779999999975	49.117246999999999	-106	7	250	11	99	LTE	1	2019-09-28 08:09:54.351382	2019-09-29 04:55:34.655907
13	55.6211229999999972	49.2805919999999986	-106	7	250	11	99	LTE	1	2019-09-28 08:09:54.351382	2019-09-29 04:55:34.710762
15	55.617403000000003	49.2865139999999968	-108	7	250	11	99	LTE	1	2019-09-28 08:09:54.351382	2019-09-29 04:55:34.776992
14	55.7628649999999979	49.1102950000000007	-104	7	250	11	99	LTE	1	2019-09-28 08:09:54.351382	2019-09-29 04:55:34.845436
17	55.6705860000000001	49.2140890000000013	-95	7	250	11	99	LTE	1	2019-09-28 08:09:54.351382	2019-09-29 04:55:34.902157
19	55.7570819999999969	49.1154439999999965	-107	7	250	11	99	LTE	1	2019-09-28 08:09:54.351382	2019-09-29 04:55:34.973
16	55.7269470000000027	49.1423839999999998	-89	7	250	11	99	LTE	1	2019-09-28 08:09:54.351382	2019-09-29 04:45:28.921998
21	55.7591469999999987	49.1136100000000013	-87	7	250	11	99	LTE	1	2019-09-28 08:09:54.351382	2019-09-29 04:55:35.031132
23	55.7293519999999987	49.140270000000001	-109	7	250	11	99	LTE	1	2019-09-28 08:09:54.351382	2019-09-29 04:55:35.086939
24	55.7832429999999988	49.1017700000000019	-91	7	250	11	99	LTE	1	2019-09-28 08:09:54.351382	2019-09-29 04:55:35.142031
25	55.7409620000000032	49.1298949999999977	-98	7	250	11	99	LTE	1	2019-09-28 08:09:54.351382	2019-09-29 04:55:35.197513
26	55.776879000000001	49.1039439999999985	-104	7	250	11	99	LTE	1	2019-09-28 08:09:54.351382	2019-09-29 04:55:35.257527
27	55.6877100000000027	49.1984950000000012	-82	7	250	11	99	LTE	1	2019-09-28 08:09:54.351382	2019-09-29 04:55:35.312707
28	55.7638609999999986	49.1093940000000018	-101	7	250	11	99	LTE	1	2019-09-28 08:09:54.351382	2019-09-29 04:55:35.36822
29	55.7360820000000032	49.1342289999999977	-86	7	250	11	99	LTE	1	2019-09-28 08:09:54.351382	2019-09-29 04:55:35.454417
30	55.7558930000000004	49.1165280000000024	-88	7	250	11	99	LTE	1	2019-09-28 08:09:54.351382	2019-09-29 04:55:35.50953
31	55.7653159999999986	49.1080850000000027	-108	7	250	11	99	LTE	1	2019-09-28 08:09:54.351382	2019-09-29 04:55:35.562251
32	55.7660339999999977	49.1076880000000031	-107	7	250	11	99	LTE	1	2019-09-28 08:09:54.351382	2019-09-29 04:55:35.6511
33	55.7540759999999977	49.1181800000000024	-95	7	250	11	99	LTE	1	2019-09-28 08:09:54.351382	2019-09-29 04:55:35.705993
34	55.7751230000000007	49.1045560000000023	-108	7	250	11	99	LTE	1	2019-09-28 08:09:54.351382	2019-09-29 04:55:35.761536
35	55.7672230000000013	49.1072479999999985	-80	7	250	11	99	LTE	1	2019-09-28 08:09:54.351382	2019-09-29 04:55:35.817098
36	55.7727629999999976	49.1053599999999975	-106	7	250	11	99	LTE	1	2019-09-28 08:09:54.351382	2019-09-29 04:55:35.873362
39	55.6832769999999968	49.2025930000000002	-108	7	250	11	99	LTE	1	2019-09-28 08:09:54.351382	2019-09-29 04:55:35.928196
38	55.6311200000000028	49.2646269999999973	-103	7	250	11	99	LTE	1	2019-09-28 08:09:54.351382	2019-09-29 04:55:35.983765
40	55.7760340000000028	49.1042339999999982	-84	7	250	11	99	LTE	1	2019-09-28 08:09:54.351382	2019-09-29 04:55:36.040555
42	55.7434439999999967	49.127673999999999	-76	7	250	11	99	LTE	1	2019-09-28 08:09:54.351382	2019-09-29 04:55:36.127033
43	55.6600380000000001	49.2237340000000003	-98	7	250	11	99	LTE	1	2019-09-28 08:09:54.351382	2019-09-29 04:55:36.181028
44	55.699029000000003	49.1733899999999977	-102	7	250	11	99	LTE	1	2019-09-28 08:09:54.351382	2019-09-29 04:55:36.263416
46	55.7677839999999989	49.1070869999999999	-90	7	250	11	99	LTE	1	2019-09-28 08:09:54.351382	2019-09-29 04:55:36.314793
48	55.6681839999999966	49.2163210000000007	-104	7	250	11	99	LTE	1	2019-09-28 08:09:54.351382	2019-09-29 04:55:36.370124
45	55.7735050000000001	49.1051130000000029	-99	7	250	11	99	LTE	1	2019-09-28 08:09:54.351382	2019-09-29 04:55:36.425871
49	55.7851909999999975	49.1011049999999969	-78	7	250	11	99	LTE	1	2019-09-28 08:09:54.351382	2019-09-29 04:55:36.495396
50	55.7707169999999977	49.1060790000000011	-90	7	250	11	99	LTE	1	2019-09-28 08:09:54.351382	2019-09-29 04:55:36.55175
51	55.7879379999999969	49.1001720000000006	-86	7	250	11	99	LTE	1	2019-09-28 08:09:54.351382	2019-09-29 04:55:36.605329
52	55.6948390000000018	49.1828530000000015	-105	7	250	11	99	LTE	1	2019-09-28 08:09:54.351382	2019-09-29 04:55:36.657757
53	55.7868250000000003	49.1005370000000028	-109	7	250	11	99	LTE	1	2019-09-28 08:09:54.351382	2019-09-29 04:55:36.713042
54	55.7582110000000029	49.1144680000000022	-86	7	250	11	99	LTE	1	2019-09-28 08:09:54.351382	2019-09-29 04:55:36.768372
55	55.7617419999999981	49.1113029999999995	-96	7	250	11	99	LTE	1	2019-09-28 08:09:54.351382	2019-09-29 04:55:36.824393
56	55.703206999999999	49.1657080000000022	-78	7	250	11	99	LTE	1	2019-09-28 08:09:54.351382	2019-09-29 04:55:36.882526
57	55.6739800000000002	49.2109880000000004	-91	7	250	11	99	LTE	1	2019-09-28 08:09:54.351382	2019-09-29 04:55:36.934491
59	55.6460000000000008	49.240867999999999	-99	7	250	11	99	LTE	1	2019-09-28 08:09:54.351382	2019-09-29 04:55:36.990269
58	55.6641049999999993	49.2200330000000008	-94	7	250	11	99	LTE	1	2019-09-28 08:09:54.351382	2019-09-29 04:55:37.045429
60	55.7623400000000018	49.1107670000000027	-109	7	250	11	99	LTE	1	2019-09-28 08:09:54.351382	2019-09-29 04:55:37.102113
61	55.7823199999999986	49.1020809999999983	-87	7	250	11	99	LTE	1	2019-09-28 08:09:54.351382	2019-09-29 04:55:37.156136
63	55.716940000000001	49.1513419999999996	-81	7	250	11	99	LTE	1	2019-09-28 08:09:54.351382	2019-09-29 04:55:37.21268
62	55.7786649999999966	49.1033540000000031	-100	7	250	11	99	LTE	1	2019-09-28 08:09:54.351382	2019-09-29 04:55:37.267412
65	55.7601790000000008	49.1126870000000011	-108	7	250	11	99	LTE	1	2019-09-28 08:09:54.351382	2019-09-29 04:55:37.323584
66	55.7633360000000025	49.1098769999999973	-89	7	250	11	99	LTE	1	2019-09-28 08:09:54.351382	2019-09-29 04:55:37.378904
64	55.7856129999999979	49.1009600000000006	-87	7	250	11	99	LTE	1	2019-09-28 08:09:54.351382	2019-09-29 04:55:37.433735
68	55.7457690000000028	49.1255710000000008	-89	7	250	11	99	LTE	1	2019-09-28 08:09:54.351382	2019-09-29 04:55:37.487716
67	55.6129129999999989	49.2937099999999973	-88	7	250	11	99	LTE	1	2019-09-28 08:09:54.351382	2019-09-29 04:55:37.573269
69	55.738630999999998	49.1319760000000016	-109	7	250	11	99	LTE	1	2019-09-28 08:09:54.351382	2019-09-29 04:55:37.672474
70	55.7528020000000026	49.1191990000000018	-90	7	250	11	99	LTE	1	2019-09-28 08:09:54.351382	2019-09-29 04:55:37.738767
72	55.7777900000000031	49.1036440000000027	-84	7	250	11	99	LTE	1	2019-09-28 08:09:54.351382	2019-09-29 04:55:37.790411
73	55.7491630000000029	49.1225450000000023	-105	7	250	11	99	LTE	1	2019-09-28 08:09:54.351382	2019-09-29 04:55:37.846401
71	55.771369	49.1058430000000001	-89	7	250	11	99	LTE	1	2019-09-28 08:09:54.351382	2019-09-29 04:55:37.89839
37	55.708556999999999	49.1589060000000018	-89	7	250	11	99	LTE	1	2019-09-28 08:09:54.351382	2019-09-29 04:55:37.953246
22	55.7807949999999977	49.102603000000002	-83	7	250	11	99	LTE	1	2019-09-28 08:09:54.351382	2019-09-29 04:55:38.013375
1	55.6559159999999977	49.2274999999999991	-91	7	250	11	99	LTE	1	2019-09-28 08:09:54.351382	2019-09-29 04:55:38.063909
2	55.6767090000000024	49.2081450000000018	-89	7	250	11	99	LTE	1	2019-09-28 08:09:54.351382	2019-09-29 04:55:38.119258
3	55.720796	49.1479199999999992	-94	7	250	11	99	LTE	1	2019-09-28 08:09:54.351382	2019-09-29 04:55:38.173894
41	55.7684300000000022	49.1068509999999989	-88	7	250	11	99	LTE	1	2019-09-28 08:09:54.351382	2019-09-29 04:55:38.242211
5	55.7875579999999971	49.1002900000000011	-98	7	250	11	99	LTE	1	2019-09-28 08:09:54.351382	2019-09-29 04:55:38.295623
4	55.7666010000000014	49.1074950000000001	-96	7	250	11	99	LTE	1	2019-09-28 08:09:54.351382	2019-09-29 04:55:38.352115
6	55.7842869999999991	49.1013949999999966	-78	7	250	11	99	LTE	1	2019-09-28 08:09:54.351382	2019-09-29 04:55:38.406149
7	55.7059759999999997	49.1621459999999999	-86	7	250	11	99	LTE	1	2019-09-28 08:09:54.351382	2019-09-29 04:55:38.462556
8	55.7611929999999987	49.1117750000000015	-105	7	250	11	99	LTE	1	2019-09-28 08:09:54.351382	2019-09-29 04:55:38.519756
9	55.6509950000000018	49.2328970000000012	-86	7	250	11	99	LTE	1	2019-09-28 08:09:54.351382	2019-09-29 04:55:34.392977
87	55.760626000000002	49.1122689999999977	-101	7	250	11	99	LTE	1	2019-09-28 08:09:54.351382	2019-09-29 04:45:33.449277
93	55.6126647999999975	49.2975344999999976	-82	7	250	11	99	LTE	1	2019-09-28 08:09:54.351382	2019-09-29 04:55:38.591579
78	55.7848230000000029	49.101227999999999	-91	7	250	11	99	LTE	1	2019-09-28 08:09:54.351382	2019-09-29 04:55:38.686619
88	55.7116339999999965	49.1561060000000012	-81	7	250	11	99	LTE	1	2019-09-28 08:09:54.351382	2019-09-29 04:55:38.740405
89	55.6339669999999984	49.2600989999999967	-76	7	250	11	99	LTE	1	2019-09-28 08:09:54.351382	2019-09-29 04:55:38.800944
90	55.774320000000003	49.1048559999999981	-93	7	250	11	99	LTE	1	2019-09-28 08:09:54.351382	2019-09-29 04:55:38.879364
91	55.764839000000002	49.1085029999999989	-108	7	250	11	99	LTE	1	2019-09-28 08:09:54.351382	2019-09-29 04:55:38.940892
80	55.6478830000000002	49.2379069999999999	-109	7	250	11	99	LTE	1	2019-09-28 08:09:54.351382	2019-09-29 04:55:39.003349
18	55.759678000000001	49.1131269999999986	-78	7	250	11	99	LTE	1	2019-09-28 08:09:54.351382	2019-09-29 04:55:39.060005
47	55.7643619999999984	49.1089539999999971	-87	7	250	11	99	LTE	1	2019-09-28 08:09:54.351382	2019-09-29 04:55:39.115513
74	55.7006980000000027	49.1701499999999996	-109	7	250	11	99	LTE	1	2019-09-28 08:09:54.351382	2019-09-29 04:55:39.171708
92	55.7699870000000004	49.1063260000000028	-95	7	250	11	99	LTE	1	2019-09-28 08:09:54.351382	2019-09-29 04:55:39.226469
75	55.6402819999999991	49.2499990000000025	-76	7	250	11	99	LTE	1	2019-09-28 08:09:54.351382	2019-09-29 04:55:39.283582
76	55.7480880000000028	49.1235110000000006	-107	7	250	11	99	LTE	1	2019-09-28 08:09:54.351382	2019-09-29 04:55:39.34907
77	55.6931579999999968	49.1901269999999968	-107	7	250	11	99	LTE	1	2019-09-28 08:09:54.351382	2019-09-29 04:55:39.423232
20	55.7238899999999973	49.1451410000000024	-78	7	250	11	99	LTE	1	2019-09-28 08:09:54.351382	2019-09-29 04:55:39.483858
81	55.7720929999999981	49.1055959999999985	-83	7	250	11	99	LTE	1	2019-09-28 08:09:54.351382	2019-09-29 04:55:39.5358
82	55.7861890000000002	49.1007620000000031	-77	7	250	11	99	LTE	1	2019-09-28 08:09:54.351382	2019-09-29 04:55:39.590915
83	55.7800530000000023	49.102882000000001	-84	7	250	11	99	LTE	1	2019-09-28 08:09:54.351382	2019-09-29 04:55:39.671883
84	55.7334600000000009	49.1365789999999976	-85	7	250	11	99	LTE	1	2019-09-28 08:09:54.351382	2019-09-29 04:55:39.726391
85	55.7691900000000018	49.1065830000000005	-102	7	250	11	99	LTE	1	2019-09-28 08:09:54.351382	2019-09-29 04:55:39.779411
86	55.6282550000000029	49.2691969999999984	-77	7	250	11	99	LTE	1	2019-09-28 08:09:54.351382	2019-09-29 04:55:39.836883
94	55.6096039999999974	49.2989779999999982	-109	7	250	1	1	2G	1	2019-09-29 10:41:06.357308	2019-09-29 10:41:06.357308
95	55.6531680000000009	49.230043000000002	-85	7	250	1	1	2G	1	2019-09-29 10:41:06.531063	2019-09-29 10:41:06.531063
96	55.7550779999999975	49.117246999999999	-102	7	250	1	1	3G	1	2019-09-29 10:41:06.586825	2019-09-29 10:41:06.586825
97	55.6211229999999972	49.2805919999999986	-104	7	250	1	1	4G	1	2019-09-29 10:41:06.675809	2019-09-29 10:41:06.675809
98	55.617403000000003	49.2865139999999968	-94	7	250	1	1	2G	1	2019-09-29 10:41:06.748596	2019-09-29 10:41:06.748596
99	55.7628649999999979	49.1102950000000007	-93	7	250	1	1	2G	1	2019-09-29 10:41:06.808997	2019-09-29 10:41:06.808997
100	55.6705860000000001	49.2140890000000013	-98	7	250	1	1	2G	1	2019-09-29 10:41:06.863144	2019-09-29 10:41:06.863144
101	55.7570819999999969	49.1154439999999965	-86	7	250	1	1	4G	1	2019-09-29 10:41:06.918937	2019-09-29 10:41:06.918937
102	55.7269470000000027	49.1423839999999998	-106	7	250	1	1	4G	1	2019-09-29 10:41:06.974969	2019-09-29 10:41:06.974969
103	55.7591469999999987	49.1136100000000013	-80	7	250	1	1	2G	1	2019-09-29 10:41:07.049035	2019-09-29 10:41:07.049035
79	55.6910600000000002	49.1952659999999966	-81	7	250	11	99	LTE	1	2019-09-28 08:09:54.351382	2019-09-29 04:45:32.854298
104	55.7293519999999987	49.140270000000001	-103	7	250	1	1	4G	1	2019-09-29 10:41:07.105495	2019-09-29 10:41:07.105495
105	55.7832429999999988	49.1017700000000019	-99	7	250	1	1	3G	1	2019-09-29 10:41:07.184716	2019-09-29 10:41:07.184716
106	55.7409620000000032	49.1298949999999977	-99	7	250	1	1	2G	1	2019-09-29 10:41:07.248876	2019-09-29 10:41:07.248876
107	55.776879000000001	49.1039439999999985	-84	7	250	1	1	2G	1	2019-09-29 10:41:07.340496	2019-09-29 10:41:07.340496
108	55.6877100000000027	49.1984950000000012	-99	7	250	1	1	3G	1	2019-09-29 10:41:07.406711	2019-09-29 10:41:07.406711
109	55.7638609999999986	49.1093940000000018	-94	7	250	1	1	2G	1	2019-09-29 10:41:07.46602	2019-09-29 10:41:07.46602
110	55.7360820000000032	49.1342289999999977	-94	7	250	1	1	2G	1	2019-09-29 10:41:07.595134	2019-09-29 10:41:07.595134
111	55.7558930000000004	49.1165280000000024	-97	7	250	1	1	3G	1	2019-09-29 10:41:07.654307	2019-09-29 10:41:07.654307
112	55.7653159999999986	49.1080850000000027	-95	7	250	1	1	3G	1	2019-09-29 10:41:07.792609	2019-09-29 10:41:07.792609
113	55.7660339999999977	49.1076880000000031	-99	7	250	1	1	3G	1	2019-09-29 10:41:07.871265	2019-09-29 10:41:07.871265
114	55.7540759999999977	49.1181800000000024	-99	7	250	1	1	2G	1	2019-09-29 10:41:07.936895	2019-09-29 10:41:07.936895
115	55.7751230000000007	49.1045560000000023	-109	7	250	1	1	2G	1	2019-09-29 10:41:07.990186	2019-09-29 10:41:07.990186
116	55.7672230000000013	49.1072479999999985	-90	7	250	1	1	3G	1	2019-09-29 10:41:08.054212	2019-09-29 10:41:08.054212
117	55.7727629999999976	49.1053599999999975	-102	7	250	1	1	3G	1	2019-09-29 10:41:08.11286	2019-09-29 10:41:08.11286
118	55.6832769999999968	49.2025930000000002	-79	7	250	1	1	2G	1	2019-09-29 10:41:08.168068	2019-09-29 10:41:08.168068
119	55.6311200000000028	49.2646269999999973	-85	7	250	1	1	2G	1	2019-09-29 10:41:08.279368	2019-09-29 10:41:08.279368
120	55.7760340000000028	49.1042339999999982	-110	7	250	1	1	3G	1	2019-09-29 10:41:08.337656	2019-09-29 10:41:08.337656
121	55.7434439999999967	49.127673999999999	-95	7	250	1	1	3G	1	2019-09-29 10:41:08.393697	2019-09-29 10:41:08.393697
122	55.6600380000000001	49.2237340000000003	-79	7	250	1	1	3G	1	2019-09-29 10:41:08.445714	2019-09-29 10:41:08.445714
123	55.699029000000003	49.1733899999999977	-109	7	250	1	1	4G	1	2019-09-29 10:41:08.504055	2019-09-29 10:41:08.504055
124	55.7677839999999989	49.1070869999999999	-105	7	250	1	1	4G	1	2019-09-29 10:41:08.557474	2019-09-29 10:41:08.557474
125	55.6681839999999966	49.2163210000000007	-95	7	250	1	1	4G	1	2019-09-29 10:41:08.613792	2019-09-29 10:41:08.613792
126	55.7735050000000001	49.1051130000000029	-106	7	250	1	1	4G	1	2019-09-29 10:41:08.712167	2019-09-29 10:41:08.712167
127	55.7851909999999975	49.1011049999999969	-96	7	250	1	1	4G	1	2019-09-29 10:41:08.768169	2019-09-29 10:41:08.768169
128	55.7707169999999977	49.1060790000000011	-98	7	250	1	1	3G	1	2019-09-29 10:41:08.850785	2019-09-29 10:41:08.850785
129	55.7879379999999969	49.1001720000000006	-86	7	250	1	1	3G	1	2019-09-29 10:41:08.91323	2019-09-29 10:41:08.91323
130	55.6948390000000018	49.1828530000000015	-93	7	250	1	1	4G	1	2019-09-29 10:41:08.983286	2019-09-29 10:41:08.983286
131	55.7868250000000003	49.1005370000000028	-101	7	250	1	1	4G	1	2019-09-29 10:41:09.04722	2019-09-29 10:41:09.04722
132	55.7582110000000029	49.1144680000000022	-100	7	250	1	1	2G	1	2019-09-29 10:41:09.120659	2019-09-29 10:41:09.120659
133	55.7617419999999981	49.1113029999999995	-107	7	250	1	1	3G	1	2019-09-29 10:41:09.180654	2019-09-29 10:41:09.180654
134	55.703206999999999	49.1657080000000022	-92	7	250	1	1	3G	1	2019-09-29 10:41:09.241074	2019-09-29 10:41:09.241074
135	55.6739800000000002	49.2109880000000004	-87	7	250	1	1	3G	1	2019-09-29 10:41:09.300406	2019-09-29 10:41:09.300406
136	55.6460000000000008	49.240867999999999	-107	7	250	1	1	4G	1	2019-09-29 10:41:09.354993	2019-09-29 10:41:09.354993
137	55.6641049999999993	49.2200330000000008	-102	7	250	1	1	3G	1	2019-09-29 10:41:09.41005	2019-09-29 10:41:09.41005
138	55.7623400000000018	49.1107670000000027	-76	7	250	1	1	2G	1	2019-09-29 10:41:09.463011	2019-09-29 10:41:09.463011
139	55.7823199999999986	49.1020809999999983	-110	7	250	1	1	4G	1	2019-09-29 10:41:09.51995	2019-09-29 10:41:09.51995
140	55.716940000000001	49.1513419999999996	-79	7	250	1	1	3G	1	2019-09-29 10:41:09.575939	2019-09-29 10:41:09.575939
141	55.7786649999999966	49.1033540000000031	-91	7	250	1	1	3G	1	2019-09-29 10:41:09.630951	2019-09-29 10:41:09.630951
142	55.7601790000000008	49.1126870000000011	-80	7	250	1	1	4G	1	2019-09-29 10:41:09.684504	2019-09-29 10:41:09.684504
143	55.7633360000000025	49.1098769999999973	-82	7	250	1	1	2G	1	2019-09-29 10:41:09.744585	2019-09-29 10:41:09.744585
144	55.7856129999999979	49.1009600000000006	-83	7	250	1	1	4G	1	2019-09-29 10:41:09.798937	2019-09-29 10:41:09.798937
145	55.7457690000000028	49.1255710000000008	-103	7	250	1	1	4G	1	2019-09-29 10:41:09.851699	2019-09-29 10:41:09.851699
146	55.6129129999999989	49.2937099999999973	-101	7	250	1	1	3G	1	2019-09-29 10:41:09.910585	2019-09-29 10:41:09.910585
147	55.738630999999998	49.1319760000000016	-87	7	250	1	1	2G	1	2019-09-29 10:41:09.962316	2019-09-29 10:41:09.962316
148	55.7528020000000026	49.1191990000000018	-98	7	250	1	1	2G	1	2019-09-29 10:41:10.059279	2019-09-29 10:41:10.059279
149	55.7777900000000031	49.1036440000000027	-86	7	250	1	1	2G	1	2019-09-29 10:41:10.123356	2019-09-29 10:41:10.123356
150	55.7491630000000029	49.1225450000000023	-92	7	250	1	1	3G	1	2019-09-29 10:41:10.219413	2019-09-29 10:41:10.219413
151	55.771369	49.1058430000000001	-89	7	250	1	1	4G	1	2019-09-29 10:41:10.295224	2019-09-29 10:41:10.295224
152	55.708556999999999	49.1589060000000018	-81	7	250	1	1	4G	1	2019-09-29 10:41:10.362086	2019-09-29 10:41:10.362086
153	55.7807949999999977	49.102603000000002	-78	7	250	1	1	4G	1	2019-09-29 10:41:10.416029	2019-09-29 10:41:10.416029
154	55.6559159999999977	49.2274999999999991	-98	7	250	1	1	2G	1	2019-09-29 10:41:10.468793	2019-09-29 10:41:10.468793
155	55.6767090000000024	49.2081450000000018	-101	7	250	1	1	2G	1	2019-09-29 10:41:10.536927	2019-09-29 10:41:10.536927
156	55.720796	49.1479199999999992	-85	7	250	1	1	4G	1	2019-09-29 10:41:10.593652	2019-09-29 10:41:10.593652
157	55.7684300000000022	49.1068509999999989	-107	7	250	1	1	2G	1	2019-09-29 10:41:10.648714	2019-09-29 10:41:10.648714
158	55.7875579999999971	49.1002900000000011	-84	7	250	1	1	4G	1	2019-09-29 10:41:10.741163	2019-09-29 10:41:10.741163
159	55.7666010000000014	49.1074950000000001	-99	7	250	1	1	2G	1	2019-09-29 10:41:10.792996	2019-09-29 10:41:10.792996
160	55.7842869999999991	49.1013949999999966	-85	7	250	1	1	4G	1	2019-09-29 10:41:10.847428	2019-09-29 10:41:10.847428
161	55.7059759999999997	49.1621459999999999	-80	7	250	1	1	2G	1	2019-09-29 10:41:10.916447	2019-09-29 10:41:10.916447
162	55.7611929999999987	49.1117750000000015	-97	7	250	1	1	4G	1	2019-09-29 10:41:10.983466	2019-09-29 10:41:10.983466
163	55.6509950000000018	49.2328970000000012	-101	7	250	1	1	4G	1	2019-09-29 10:41:11.054812	2019-09-29 10:41:11.054812
164	55.760626000000002	49.1122689999999977	-90	7	250	1	1	4G	1	2019-09-29 10:41:11.116687	2019-09-29 10:41:11.116687
165	55.6126647999999975	49.2975344999999976	-92	7	250	1	1	2G	1	2019-09-29 10:41:11.168634	2019-09-29 10:41:11.168634
166	55.7848230000000029	49.101227999999999	-86	7	250	1	1	3G	1	2019-09-29 10:41:11.29954	2019-09-29 10:41:11.29954
167	55.7116339999999965	49.1561060000000012	-101	7	250	1	1	4G	1	2019-09-29 10:41:11.57566	2019-09-29 10:41:11.57566
168	55.6339669999999984	49.2600989999999967	-93	7	250	1	1	3G	1	2019-09-29 10:41:11.911571	2019-09-29 10:41:11.911571
169	55.774320000000003	49.1048559999999981	-89	7	250	1	1	4G	1	2019-09-29 10:41:12.202941	2019-09-29 10:41:12.202941
170	55.764839000000002	49.1085029999999989	-107	7	250	1	1	2G	1	2019-09-29 10:41:12.275779	2019-09-29 10:41:12.275779
171	55.6478830000000002	49.2379069999999999	-108	7	250	1	1	2G	1	2019-09-29 10:41:12.383324	2019-09-29 10:41:12.383324
172	55.759678000000001	49.1131269999999986	-101	7	250	1	1	2G	1	2019-09-29 10:41:12.467357	2019-09-29 10:41:12.467357
173	55.7643619999999984	49.1089539999999971	-80	7	250	1	1	4G	1	2019-09-29 10:41:12.553958	2019-09-29 10:41:12.553958
174	55.7006980000000027	49.1701499999999996	-82	7	250	1	1	2G	1	2019-09-29 10:41:12.642192	2019-09-29 10:41:12.642192
175	55.7699870000000004	49.1063260000000028	-84	7	250	1	1	4G	1	2019-09-29 10:41:12.744637	2019-09-29 10:41:12.744637
176	55.6402819999999991	49.2499990000000025	-86	7	250	1	1	2G	1	2019-09-29 10:41:12.818464	2019-09-29 10:41:12.818464
177	55.7480880000000028	49.1235110000000006	-104	7	250	1	1	2G	1	2019-09-29 10:41:13.201455	2019-09-29 10:41:13.201455
178	55.6931579999999968	49.1901269999999968	-77	7	250	1	1	3G	1	2019-09-29 10:41:13.282549	2019-09-29 10:41:13.282549
179	55.7238899999999973	49.1451410000000024	-87	7	250	1	1	3G	1	2019-09-29 10:41:13.359619	2019-09-29 10:41:13.359619
180	55.7720929999999981	49.1055959999999985	-87	7	250	1	1	4G	1	2019-09-29 10:41:13.416683	2019-09-29 10:41:13.416683
181	55.7861890000000002	49.1007620000000031	-109	7	250	1	1	2G	1	2019-09-29 10:41:13.477319	2019-09-29 10:41:13.477319
182	55.7800530000000023	49.102882000000001	-104	7	250	1	1	2G	1	2019-09-29 10:41:13.542336	2019-09-29 10:41:13.542336
183	55.7334600000000009	49.1365789999999976	-76	7	250	1	1	2G	1	2019-09-29 10:41:13.659522	2019-09-29 10:41:13.659522
184	55.7691900000000018	49.1065830000000005	-103	7	250	1	1	4G	1	2019-09-29 10:41:13.726912	2019-09-29 10:41:13.726912
185	55.6282550000000029	49.2691969999999984	-108	7	250	1	1	2G	1	2019-09-29 10:41:13.782417	2019-09-29 10:41:13.782417
186	55.6910600000000002	49.1952659999999966	-93	7	250	1	1	4G	1	2019-09-29 10:41:13.849273	2019-09-29 10:41:13.849273
187	55.6096039999999974	49.2989779999999982	-77	7	250	2	2	2G	1	2019-09-29 10:50:22.544412	2019-09-29 10:50:22.544412
188	55.6531680000000009	49.230043000000002	-98	7	250	7	20	2G	1	2019-09-29 10:50:22.677382	2019-09-29 10:50:22.677382
189	55.7550779999999975	49.117246999999999	-100	7	250	7	20	4G	1	2019-09-29 10:50:22.743769	2019-09-29 10:50:22.743769
190	55.6211229999999972	49.2805919999999986	-77	7	250	2	2	2G	1	2019-09-29 10:50:22.801842	2019-09-29 10:50:22.801842
191	55.617403000000003	49.2865139999999968	-94	7	250	7	20	4G	1	2019-09-29 10:50:22.869876	2019-09-29 10:50:22.869876
192	55.7628649999999979	49.1102950000000007	-99	7	250	7	20	2G	1	2019-09-29 10:50:22.942364	2019-09-29 10:50:22.942364
193	55.6705860000000001	49.2140890000000013	-90	7	250	2	2	4G	1	2019-09-29 10:50:23.015594	2019-09-29 10:50:23.015594
194	55.7570819999999969	49.1154439999999965	-77	7	250	7	20	3G	1	2019-09-29 10:50:23.071142	2019-09-29 10:50:23.071142
195	55.7269470000000027	49.1423839999999998	-89	7	250	2	2	3G	1	2019-09-29 10:50:23.148456	2019-09-29 10:50:23.148456
196	55.7591469999999987	49.1136100000000013	-98	7	250	2	2	2G	1	2019-09-29 10:50:23.204253	2019-09-29 10:50:23.204253
197	55.7293519999999987	49.140270000000001	-79	7	250	2	2	4G	1	2019-09-29 10:50:23.259301	2019-09-29 10:50:23.259301
198	55.7832429999999988	49.1017700000000019	-84	7	250	7	20	4G	1	2019-09-29 10:50:23.317421	2019-09-29 10:50:23.317421
199	55.7409620000000032	49.1298949999999977	-81	7	250	7	20	2G	1	2019-09-29 10:50:23.366664	2019-09-29 10:50:23.366664
200	55.776879000000001	49.1039439999999985	-80	7	250	7	20	4G	1	2019-09-29 10:50:23.437612	2019-09-29 10:50:23.437612
201	55.6877100000000027	49.1984950000000012	-83	7	250	2	2	3G	1	2019-09-29 10:50:23.492543	2019-09-29 10:50:23.492543
202	55.7638609999999986	49.1093940000000018	-98	7	250	7	20	4G	1	2019-09-29 10:50:23.549665	2019-09-29 10:50:23.549665
203	55.7360820000000032	49.1342289999999977	-79	7	250	7	20	3G	1	2019-09-29 10:50:23.619569	2019-09-29 10:50:23.619569
204	55.7558930000000004	49.1165280000000024	-101	7	250	2	2	4G	1	2019-09-29 10:50:23.684725	2019-09-29 10:50:23.684725
205	55.7653159999999986	49.1080850000000027	-99	7	250	7	20	3G	1	2019-09-29 10:50:23.743264	2019-09-29 10:50:23.743264
206	55.7660339999999977	49.1076880000000031	-109	7	250	7	20	3G	1	2019-09-29 10:50:23.800259	2019-09-29 10:50:23.800259
207	55.7540759999999977	49.1181800000000024	-78	7	250	2	2	2G	1	2019-09-29 10:50:23.869025	2019-09-29 10:50:23.869025
208	55.7751230000000007	49.1045560000000023	-95	7	250	7	20	3G	1	2019-09-29 10:50:23.927098	2019-09-29 10:50:23.927098
209	55.7672230000000013	49.1072479999999985	-84	7	250	7	20	2G	1	2019-09-29 10:50:23.981844	2019-09-29 10:50:23.981844
210	55.7727629999999976	49.1053599999999975	-93	7	250	2	2	4G	1	2019-09-29 10:50:24.036361	2019-09-29 10:50:24.036361
211	55.6832769999999968	49.2025930000000002	-107	7	250	7	20	3G	1	2019-09-29 10:50:24.103268	2019-09-29 10:50:24.103268
212	55.6311200000000028	49.2646269999999973	-81	7	250	2	2	3G	1	2019-09-29 10:50:24.157533	2019-09-29 10:50:24.157533
213	55.7760340000000028	49.1042339999999982	-79	7	250	7	20	2G	1	2019-09-29 10:50:24.250132	2019-09-29 10:50:24.250132
214	55.7434439999999967	49.127673999999999	-98	7	250	7	20	4G	1	2019-09-29 10:50:24.312713	2019-09-29 10:50:24.312713
215	55.6600380000000001	49.2237340000000003	-96	7	250	2	2	2G	1	2019-09-29 10:50:24.368461	2019-09-29 10:50:24.368461
216	55.699029000000003	49.1733899999999977	-103	7	250	2	2	4G	1	2019-09-29 10:50:24.428104	2019-09-29 10:50:24.428104
217	55.7677839999999989	49.1070869999999999	-77	7	250	7	20	3G	1	2019-09-29 10:50:24.489966	2019-09-29 10:50:24.489966
218	55.6681839999999966	49.2163210000000007	-102	7	250	7	20	2G	1	2019-09-29 10:50:24.545529	2019-09-29 10:50:24.545529
219	55.7735050000000001	49.1051130000000029	-91	7	250	7	20	2G	1	2019-09-29 10:50:24.60944	2019-09-29 10:50:24.60944
220	55.7851909999999975	49.1011049999999969	-82	7	250	7	20	2G	1	2019-09-29 10:50:24.665446	2019-09-29 10:50:24.665446
221	55.7707169999999977	49.1060790000000011	-79	7	250	7	20	3G	1	2019-09-29 10:50:24.726639	2019-09-29 10:50:24.726639
222	55.7879379999999969	49.1001720000000006	-82	7	250	7	20	2G	1	2019-09-29 10:50:24.792065	2019-09-29 10:50:24.792065
223	55.6948390000000018	49.1828530000000015	-102	7	250	7	20	4G	1	2019-09-29 10:50:24.852708	2019-09-29 10:50:24.852708
224	55.7868250000000003	49.1005370000000028	-95	7	250	7	20	4G	1	2019-09-29 10:50:24.911034	2019-09-29 10:50:24.911034
225	55.7582110000000029	49.1144680000000022	-93	7	250	2	2	2G	1	2019-09-29 10:50:24.964172	2019-09-29 10:50:24.964172
226	55.7617419999999981	49.1113029999999995	-109	7	250	7	20	4G	1	2019-09-29 10:50:25.019392	2019-09-29 10:50:25.019392
227	55.703206999999999	49.1657080000000022	-78	7	250	7	20	3G	1	2019-09-29 10:50:25.076763	2019-09-29 10:50:25.076763
228	55.6739800000000002	49.2109880000000004	-86	7	250	7	20	3G	1	2019-09-29 10:50:25.130698	2019-09-29 10:50:25.130698
229	55.6460000000000008	49.240867999999999	-92	7	250	7	20	2G	1	2019-09-29 10:50:25.195331	2019-09-29 10:50:25.195331
230	55.6641049999999993	49.2200330000000008	-78	7	250	2	2	3G	1	2019-09-29 10:50:25.270786	2019-09-29 10:50:25.270786
231	55.7623400000000018	49.1107670000000027	-90	7	250	2	2	3G	1	2019-09-29 10:50:25.328249	2019-09-29 10:50:25.328249
232	55.7823199999999986	49.1020809999999983	-107	7	250	2	2	4G	1	2019-09-29 10:50:25.384312	2019-09-29 10:50:25.384312
233	55.716940000000001	49.1513419999999996	-100	7	250	2	2	4G	1	2019-09-29 10:50:25.442709	2019-09-29 10:50:25.442709
234	55.7786649999999966	49.1033540000000031	-84	7	250	2	2	4G	1	2019-09-29 10:50:25.495935	2019-09-29 10:50:25.495935
235	55.7601790000000008	49.1126870000000011	-104	7	250	2	2	4G	1	2019-09-29 10:50:25.560745	2019-09-29 10:50:25.560745
236	55.7633360000000025	49.1098769999999973	-92	7	250	2	2	2G	1	2019-09-29 10:50:25.615785	2019-09-29 10:50:25.615785
237	55.7856129999999979	49.1009600000000006	-84	7	250	2	2	2G	1	2019-09-29 10:50:25.674324	2019-09-29 10:50:25.674324
238	55.7457690000000028	49.1255710000000008	-105	7	250	2	2	2G	1	2019-09-29 10:50:25.729673	2019-09-29 10:50:25.729673
239	55.6129129999999989	49.2937099999999973	-104	7	250	7	20	2G	1	2019-09-29 10:50:25.783397	2019-09-29 10:50:25.783397
240	55.738630999999998	49.1319760000000016	-84	7	250	7	20	3G	1	2019-09-29 10:50:25.841556	2019-09-29 10:50:25.841556
241	55.7528020000000026	49.1191990000000018	-95	7	250	2	2	3G	1	2019-09-29 10:50:25.911369	2019-09-29 10:50:25.911369
242	55.7777900000000031	49.1036440000000027	-79	7	250	2	2	4G	1	2019-09-29 10:50:25.979037	2019-09-29 10:50:25.979037
243	55.7491630000000029	49.1225450000000023	-78	7	250	7	20	4G	1	2019-09-29 10:50:26.036431	2019-09-29 10:50:26.036431
244	55.771369	49.1058430000000001	-86	7	250	7	20	3G	1	2019-09-29 10:50:26.093597	2019-09-29 10:50:26.093597
245	55.708556999999999	49.1589060000000018	-89	7	250	7	20	2G	1	2019-09-29 10:50:26.149296	2019-09-29 10:50:26.149296
246	55.7807949999999977	49.102603000000002	-101	7	250	7	20	2G	1	2019-09-29 10:50:26.206804	2019-09-29 10:50:26.206804
247	55.6559159999999977	49.2274999999999991	-76	7	250	7	20	4G	1	2019-09-29 10:50:26.259152	2019-09-29 10:50:26.259152
248	55.6767090000000024	49.2081450000000018	-86	7	250	2	2	4G	1	2019-09-29 10:50:26.317364	2019-09-29 10:50:26.317364
249	55.720796	49.1479199999999992	-93	7	250	2	2	2G	1	2019-09-29 10:50:26.404263	2019-09-29 10:50:26.404263
250	55.7684300000000022	49.1068509999999989	-82	7	250	2	2	3G	1	2019-09-29 10:50:26.458446	2019-09-29 10:50:26.458446
251	55.7875579999999971	49.1002900000000011	-78	7	250	7	20	4G	1	2019-09-29 10:50:26.51579	2019-09-29 10:50:26.51579
252	55.7666010000000014	49.1074950000000001	-84	7	250	2	2	2G	1	2019-09-29 10:50:26.567394	2019-09-29 10:50:26.567394
253	55.7842869999999991	49.1013949999999966	-90	7	250	7	20	4G	1	2019-09-29 10:50:26.623792	2019-09-29 10:50:26.623792
254	55.7059759999999997	49.1621459999999999	-80	7	250	2	2	3G	1	2019-09-29 10:50:26.679409	2019-09-29 10:50:26.679409
255	55.7611929999999987	49.1117750000000015	-86	7	250	7	20	4G	1	2019-09-29 10:50:26.736153	2019-09-29 10:50:26.736153
256	55.6509950000000018	49.2328970000000012	-96	7	250	2	2	3G	1	2019-09-29 10:50:26.788328	2019-09-29 10:50:26.788328
257	55.760626000000002	49.1122689999999977	-106	7	250	2	2	3G	1	2019-09-29 10:50:26.844752	2019-09-29 10:50:26.844752
258	55.6126647999999975	49.2975344999999976	-76	7	250	2	2	3G	1	2019-09-29 10:50:26.899334	2019-09-29 10:50:26.899334
259	55.7848230000000029	49.101227999999999	-109	7	250	7	20	4G	1	2019-09-29 10:50:26.959014	2019-09-29 10:50:26.959014
260	55.7116339999999965	49.1561060000000012	-100	7	250	7	20	3G	1	2019-09-29 10:50:27.045692	2019-09-29 10:50:27.045692
261	55.6339669999999984	49.2600989999999967	-84	7	250	7	20	3G	1	2019-09-29 10:50:27.11716	2019-09-29 10:50:27.11716
262	55.774320000000003	49.1048559999999981	-77	7	250	7	20	3G	1	2019-09-29 10:50:27.177857	2019-09-29 10:50:27.177857
263	55.764839000000002	49.1085029999999989	-100	7	250	2	2	3G	1	2019-09-29 10:50:27.23401	2019-09-29 10:50:27.23401
264	55.6478830000000002	49.2379069999999999	-102	7	250	7	20	4G	1	2019-09-29 10:50:27.29548	2019-09-29 10:50:27.29548
265	55.759678000000001	49.1131269999999986	-86	7	250	2	2	3G	1	2019-09-29 10:50:27.361528	2019-09-29 10:50:27.361528
266	55.7643619999999984	49.1089539999999971	-101	7	250	7	20	3G	1	2019-09-29 10:50:27.422972	2019-09-29 10:50:27.422972
267	55.7006980000000027	49.1701499999999996	-85	7	250	7	20	3G	1	2019-09-29 10:50:27.490604	2019-09-29 10:50:27.490604
268	55.7699870000000004	49.1063260000000028	-92	7	250	2	2	4G	1	2019-09-29 10:50:27.544184	2019-09-29 10:50:27.544184
269	55.6402819999999991	49.2499990000000025	-90	7	250	7	20	2G	1	2019-09-29 10:50:27.599047	2019-09-29 10:50:27.599047
270	55.7480880000000028	49.1235110000000006	-100	7	250	7	20	4G	1	2019-09-29 10:50:27.654075	2019-09-29 10:50:27.654075
271	55.6931579999999968	49.1901269999999968	-84	7	250	2	2	3G	1	2019-09-29 10:50:27.71103	2019-09-29 10:50:27.71103
272	55.7238899999999973	49.1451410000000024	-104	7	250	2	2	2G	1	2019-09-29 10:50:28.085052	2019-09-29 10:50:28.085052
273	55.7720929999999981	49.1055959999999985	-86	7	250	7	20	3G	1	2019-09-29 10:50:28.285074	2019-09-29 10:50:28.285074
274	55.7861890000000002	49.1007620000000031	-87	7	250	7	20	4G	1	2019-09-29 10:50:28.349251	2019-09-29 10:50:28.349251
275	55.7800530000000023	49.102882000000001	-85	7	250	7	20	4G	1	2019-09-29 10:50:28.406579	2019-09-29 10:50:28.406579
276	55.7334600000000009	49.1365789999999976	-80	7	250	7	20	4G	1	2019-09-29 10:50:28.46208	2019-09-29 10:50:28.46208
277	55.7691900000000018	49.1065830000000005	-81	7	250	7	20	4G	1	2019-09-29 10:50:28.520361	2019-09-29 10:50:28.520361
278	55.6282550000000029	49.2691969999999984	-92	7	250	2	2	4G	1	2019-09-29 10:50:28.571394	2019-09-29 10:50:28.571394
279	55.6096039999999974	49.2989779999999982	-100	7	250	7	20	2G	1	2019-09-29 10:50:28.629649	2019-09-29 10:50:28.629649
280	55.6531680000000009	49.230043000000002	-99	7	250	7	20	2G	1	2019-09-29 10:50:28.683396	2019-09-29 10:50:28.683396
281	55.7550779999999975	49.117246999999999	-99	7	250	7	20	3G	1	2019-09-29 10:50:28.776492	2019-09-29 10:50:28.776492
282	55.6211229999999972	49.2805919999999986	-108	7	250	7	20	2G	1	2019-09-29 10:50:28.848	2019-09-29 10:50:28.848
283	55.617403000000003	49.2865139999999968	-101	7	250	2	2	3G	1	2019-09-29 10:50:28.904118	2019-09-29 10:50:28.904118
284	55.7628649999999979	49.1102950000000007	-80	7	250	7	20	3G	1	2019-09-29 10:50:28.987095	2019-09-29 10:50:28.987095
285	55.6705860000000001	49.2140890000000013	-77	7	250	7	20	2G	1	2019-09-29 10:50:29.072076	2019-09-29 10:50:29.072076
286	55.7570819999999969	49.1154439999999965	-99	7	250	7	20	3G	1	2019-09-29 10:50:29.169929	2019-09-29 10:50:29.169929
287	55.7269470000000027	49.1423839999999998	-109	7	250	7	20	2G	1	2019-09-29 10:50:29.231019	2019-09-29 10:50:29.231019
288	55.7591469999999987	49.1136100000000013	-79	7	250	2	2	3G	1	2019-09-29 10:50:29.299189	2019-09-29 10:50:29.299189
289	55.6910600000000002	49.1952659999999966	-77	7	250	2	2	2G	1	2019-09-29 10:50:29.372401	2019-09-29 10:50:29.372401
290	55.7293519999999987	49.140270000000001	-102	7	250	2	2	3G	1	2019-09-29 10:50:29.437581	2019-09-29 10:50:29.437581
291	55.7832429999999988	49.1017700000000019	-88	7	250	2	2	4G	1	2019-09-29 10:50:29.524474	2019-09-29 10:50:29.524474
292	55.7409620000000032	49.1298949999999977	-79	7	250	7	20	4G	1	2019-09-29 10:50:29.580693	2019-09-29 10:50:29.580693
293	55.776879000000001	49.1039439999999985	-87	7	250	7	20	3G	1	2019-09-29 10:50:29.646979	2019-09-29 10:50:29.646979
294	55.6877100000000027	49.1984950000000012	-90	7	250	7	20	3G	1	2019-09-29 10:50:29.70234	2019-09-29 10:50:29.70234
295	55.7638609999999986	49.1093940000000018	-86	7	250	7	20	2G	1	2019-09-29 10:50:29.760677	2019-09-29 10:50:29.760677
296	55.7360820000000032	49.1342289999999977	-101	7	250	7	20	4G	1	2019-09-29 10:50:29.815235	2019-09-29 10:50:29.815235
297	55.7558930000000004	49.1165280000000024	-106	7	250	7	20	2G	1	2019-09-29 10:50:29.86651	2019-09-29 10:50:29.86651
298	55.7653159999999986	49.1080850000000027	-103	7	250	2	2	3G	1	2019-09-29 10:50:29.925834	2019-09-29 10:50:29.925834
299	55.7660339999999977	49.1076880000000031	-107	7	250	7	20	2G	1	2019-09-29 10:50:29.978602	2019-09-29 10:50:29.978602
300	55.7540759999999977	49.1181800000000024	-100	7	250	2	2	4G	1	2019-09-29 10:50:30.036858	2019-09-29 10:50:30.036858
301	55.7751230000000007	49.1045560000000023	-84	7	250	2	2	3G	1	2019-09-29 10:50:30.093166	2019-09-29 10:50:30.093166
302	55.7672230000000013	49.1072479999999985	-106	7	250	2	2	4G	1	2019-09-29 10:50:30.168187	2019-09-29 10:50:30.168187
303	55.7727629999999976	49.1053599999999975	-98	7	250	7	20	3G	1	2019-09-29 10:50:30.226383	2019-09-29 10:50:30.226383
304	55.6832769999999968	49.2025930000000002	-86	7	250	2	2	4G	1	2019-09-29 10:50:30.278763	2019-09-29 10:50:30.278763
305	55.6311200000000028	49.2646269999999973	-103	7	250	7	20	2G	1	2019-09-29 10:50:30.334287	2019-09-29 10:50:30.334287
306	55.7760340000000028	49.1042339999999982	-88	7	250	7	20	3G	1	2019-09-29 10:50:30.396092	2019-09-29 10:50:30.396092
307	55.7434439999999967	49.127673999999999	-91	7	250	2	2	4G	1	2019-09-29 10:50:30.489236	2019-09-29 10:50:30.489236
308	55.6600380000000001	49.2237340000000003	-107	7	250	7	20	2G	1	2019-09-29 10:50:30.5544	2019-09-29 10:50:30.5544
309	55.699029000000003	49.1733899999999977	-94	7	250	7	20	4G	1	2019-09-29 10:50:30.620004	2019-09-29 10:50:30.620004
310	55.7677839999999989	49.1070869999999999	-84	7	250	2	2	4G	1	2019-09-29 10:50:30.675848	2019-09-29 10:50:30.675848
311	55.6681839999999966	49.2163210000000007	-77	7	250	7	20	2G	1	2019-09-29 10:50:30.731733	2019-09-29 10:50:30.731733
312	55.7735050000000001	49.1051130000000029	-92	7	250	2	2	4G	1	2019-09-29 10:50:30.796335	2019-09-29 10:50:30.796335
313	55.7851909999999975	49.1011049999999969	-81	7	250	2	2	3G	1	2019-09-29 10:50:30.852973	2019-09-29 10:50:30.852973
314	55.7707169999999977	49.1060790000000011	-101	7	250	7	20	3G	1	2019-09-29 10:50:30.908992	2019-09-29 10:50:30.908992
315	55.7879379999999969	49.1001720000000006	-79	7	250	7	20	4G	1	2019-09-29 10:50:30.965887	2019-09-29 10:50:30.965887
316	55.6948390000000018	49.1828530000000015	-103	7	250	2	2	2G	1	2019-09-29 10:50:31.01942	2019-09-29 10:50:31.01942
317	55.7868250000000003	49.1005370000000028	-102	7	250	7	20	3G	1	2019-09-29 10:50:31.100027	2019-09-29 10:50:31.100027
318	55.7582110000000029	49.1144680000000022	-108	7	250	2	2	3G	1	2019-09-29 10:50:31.164203	2019-09-29 10:50:31.164203
319	55.7617419999999981	49.1113029999999995	-94	7	250	7	20	4G	1	2019-09-29 10:50:31.26269	2019-09-29 10:50:31.26269
320	55.703206999999999	49.1657080000000022	-105	7	250	2	2	2G	1	2019-09-29 10:50:31.323166	2019-09-29 10:50:31.323166
321	55.6739800000000002	49.2109880000000004	-84	7	250	2	2	4G	1	2019-09-29 10:50:31.386047	2019-09-29 10:50:31.386047
322	55.6460000000000008	49.240867999999999	-84	7	250	2	2	4G	1	2019-09-29 10:50:31.442459	2019-09-29 10:50:31.442459
323	55.6641049999999993	49.2200330000000008	-77	7	250	7	20	4G	1	2019-09-29 10:50:31.497241	2019-09-29 10:50:31.497241
324	55.7623400000000018	49.1107670000000027	-78	7	250	7	20	2G	1	2019-09-29 10:50:31.556137	2019-09-29 10:50:31.556137
325	55.7823199999999986	49.1020809999999983	-83	7	250	7	20	2G	1	2019-09-29 10:50:31.623167	2019-09-29 10:50:31.623167
326	55.716940000000001	49.1513419999999996	-81	7	250	2	2	4G	1	2019-09-29 10:50:31.682222	2019-09-29 10:50:31.682222
327	55.7786649999999966	49.1033540000000031	-90	7	250	7	20	4G	1	2019-09-29 10:50:31.738083	2019-09-29 10:50:31.738083
328	55.7601790000000008	49.1126870000000011	-88	7	250	2	2	4G	1	2019-09-29 10:50:31.794975	2019-09-29 10:50:31.794975
329	55.7633360000000025	49.1098769999999973	-83	7	250	2	2	2G	1	2019-09-29 10:50:31.89278	2019-09-29 10:50:31.89278
330	55.7856129999999979	49.1009600000000006	-110	7	250	2	2	3G	1	2019-09-29 10:50:31.958573	2019-09-29 10:50:31.958573
331	55.7457690000000028	49.1255710000000008	-99	7	250	2	2	3G	1	2019-09-29 10:50:32.016512	2019-09-29 10:50:32.016512
332	55.6129129999999989	49.2937099999999973	-78	7	250	7	20	2G	1	2019-09-29 10:50:32.069381	2019-09-29 10:50:32.069381
333	55.738630999999998	49.1319760000000016	-82	7	250	2	2	4G	1	2019-09-29 10:50:32.163714	2019-09-29 10:50:32.163714
334	55.7528020000000026	49.1191990000000018	-83	7	250	7	20	4G	1	2019-09-29 10:50:32.231266	2019-09-29 10:50:32.231266
335	55.7777900000000031	49.1036440000000027	-83	7	250	2	2	4G	1	2019-09-29 10:50:32.304321	2019-09-29 10:50:32.304321
336	55.7491630000000029	49.1225450000000023	-85	7	250	2	2	2G	1	2019-09-29 10:50:32.3582	2019-09-29 10:50:32.3582
337	55.771369	49.1058430000000001	-91	7	250	7	20	3G	1	2019-09-29 10:50:32.413695	2019-09-29 10:50:32.413695
338	55.708556999999999	49.1589060000000018	-93	7	250	7	20	2G	1	2019-09-29 10:50:32.469632	2019-09-29 10:50:32.469632
339	55.7807949999999977	49.102603000000002	-104	7	250	7	20	2G	1	2019-09-29 10:50:32.536428	2019-09-29 10:50:32.536428
340	55.6559159999999977	49.2274999999999991	-101	7	250	2	2	3G	1	2019-09-29 10:50:32.602699	2019-09-29 10:50:32.602699
341	55.6767090000000024	49.2081450000000018	-99	7	250	2	2	3G	1	2019-09-29 10:50:32.662199	2019-09-29 10:50:32.662199
342	55.720796	49.1479199999999992	-105	7	250	2	2	3G	1	2019-09-29 10:50:32.733093	2019-09-29 10:50:32.733093
343	55.7684300000000022	49.1068509999999989	-76	7	250	2	2	3G	1	2019-09-29 10:50:32.792186	2019-09-29 10:50:32.792186
344	55.7875579999999971	49.1002900000000011	-106	7	250	2	2	3G	1	2019-09-29 10:50:32.847199	2019-09-29 10:50:32.847199
345	55.7666010000000014	49.1074950000000001	-87	7	250	2	2	4G	1	2019-09-29 10:50:32.903123	2019-09-29 10:50:32.903123
346	55.7842869999999991	49.1013949999999966	-105	7	250	7	20	4G	1	2019-09-29 10:50:32.957479	2019-09-29 10:50:32.957479
347	55.7059759999999997	49.1621459999999999	-90	7	250	2	2	3G	1	2019-09-29 10:50:33.011986	2019-09-29 10:50:33.011986
348	55.7611929999999987	49.1117750000000015	-85	7	250	2	2	2G	1	2019-09-29 10:50:33.069494	2019-09-29 10:50:33.069494
349	55.6509950000000018	49.2328970000000012	-84	7	250	2	2	4G	1	2019-09-29 10:50:33.124135	2019-09-29 10:50:33.124135
350	55.760626000000002	49.1122689999999977	-78	7	250	2	2	3G	1	2019-09-29 10:50:33.289827	2019-09-29 10:50:33.289827
351	55.6126647999999975	49.2975344999999976	-91	7	250	7	20	2G	1	2019-09-29 10:50:33.354799	2019-09-29 10:50:33.354799
352	55.7848230000000029	49.101227999999999	-87	7	250	2	2	4G	1	2019-09-29 10:50:33.409636	2019-09-29 10:50:33.409636
353	55.7116339999999965	49.1561060000000012	-80	7	250	7	20	3G	1	2019-09-29 10:50:33.512738	2019-09-29 10:50:33.512738
354	55.6339669999999984	49.2600989999999967	-97	7	250	7	20	3G	1	2019-09-29 10:50:33.579856	2019-09-29 10:50:33.579856
355	55.774320000000003	49.1048559999999981	-86	7	250	2	2	3G	1	2019-09-29 10:50:33.649311	2019-09-29 10:50:33.649311
356	55.764839000000002	49.1085029999999989	-104	7	250	7	20	4G	1	2019-09-29 10:50:33.715519	2019-09-29 10:50:33.715519
357	55.6478830000000002	49.2379069999999999	-89	7	250	7	20	4G	1	2019-09-29 10:50:33.775136	2019-09-29 10:50:33.775136
358	55.759678000000001	49.1131269999999986	-107	7	250	2	2	2G	1	2019-09-29 10:50:33.83695	2019-09-29 10:50:33.83695
359	55.7643619999999984	49.1089539999999971	-76	7	250	2	2	3G	1	2019-09-29 10:50:33.904999	2019-09-29 10:50:33.904999
360	55.7006980000000027	49.1701499999999996	-80	7	250	7	20	4G	1	2019-09-29 10:50:33.96494	2019-09-29 10:50:33.96494
361	55.7699870000000004	49.1063260000000028	-96	7	250	2	2	3G	1	2019-09-29 10:50:34.017859	2019-09-29 10:50:34.017859
362	55.6402819999999991	49.2499990000000025	-93	7	250	2	2	2G	1	2019-09-29 10:50:34.073598	2019-09-29 10:50:34.073598
363	55.7480880000000028	49.1235110000000006	-96	7	250	2	2	2G	1	2019-09-29 10:50:34.131333	2019-09-29 10:50:34.131333
364	55.6931579999999968	49.1901269999999968	-100	7	250	7	20	3G	1	2019-09-29 10:50:34.185474	2019-09-29 10:50:34.185474
365	55.7238899999999973	49.1451410000000024	-102	7	250	2	2	4G	1	2019-09-29 10:50:34.274585	2019-09-29 10:50:34.274585
366	55.7720929999999981	49.1055959999999985	-103	7	250	7	20	4G	1	2019-09-29 10:50:34.328764	2019-09-29 10:50:34.328764
367	55.7861890000000002	49.1007620000000031	-106	7	250	7	20	3G	1	2019-09-29 10:50:34.385435	2019-09-29 10:50:34.385435
368	55.7800530000000023	49.102882000000001	-93	7	250	2	2	3G	1	2019-09-29 10:50:34.440069	2019-09-29 10:50:34.440069
369	55.7334600000000009	49.1365789999999976	-104	7	250	7	20	3G	1	2019-09-29 10:50:34.49981	2019-09-29 10:50:34.49981
370	55.7691900000000018	49.1065830000000005	-76	7	250	2	2	3G	1	2019-09-29 10:50:34.571205	2019-09-29 10:50:34.571205
371	55.6282550000000029	49.2691969999999984	-96	7	250	7	20	3G	1	2019-09-29 10:50:34.62922	2019-09-29 10:50:34.62922
372	55.6910600000000002	49.1952659999999966	-103	7	250	7	20	4G	1	2019-09-29 10:50:34.684525	2019-09-29 10:50:34.684525
\.


--
-- Data for Name: operators; Type: TABLE DATA; Schema: public; Owner: dim
--

COPY public.operators (id, mnc, name, created_at, updated_at) FROM stdin;
1	1	МТС	2019-09-27 18:38:44.603621	2019-09-27 18:38:44.603621
2	2	Мегафон	2019-09-27 18:39:03.870811	2019-09-27 18:39:03.870811
3	7	Смартс	2019-09-27 18:46:19.649572	2019-09-27 18:46:19.649572
4	11	Yota	2019-09-27 18:47:49.319773	2019-09-27 18:47:49.319773
5	11	Yota	2019-09-27 18:48:28.691558	2019-09-27 18:48:28.691558
6	18	Основа Телеком	2019-09-27 18:49:01.158696	2019-09-27 18:49:01.158696
7	20	Tele2	2019-09-27 18:49:37.320866	2019-09-27 18:49:37.320866
8	35	МОТИВ	2019-09-27 18:50:07.753191	2019-09-27 18:50:07.753191
9	37	Скайлинк	2019-09-27 18:50:33.266122	2019-09-27 18:50:33.266122
10	39	Ростелеком	2019-09-27 18:50:53.730145	2019-09-27 18:50:53.730145
11	99	Билайн	2019-09-27 18:51:18.368731	2019-09-27 18:51:18.368731
\.


--
-- Data for Name: schema_migrations; Type: TABLE DATA; Schema: public; Owner: dim
--

COPY public.schema_migrations (version) FROM stdin;
20190925064355
20190927154126
20190927154200
20190927170139
20190927170205
20190927172639
20190927182949
\.


--
-- Data for Name: urban_items; Type: TABLE DATA; Schema: public; Owner: dim
--

COPY public.urban_items (id, name, created_at, updated_at) FROM stdin;
1	Жилой дом	2019-09-25 13:12:39.84322	2019-09-25 13:12:39.84322
2	Бизнес-центр	2019-09-25 13:13:11.408126	2019-09-25 13:13:11.408126
3	Школа	2019-09-25 13:13:24.429689	2019-09-25 13:13:24.429689
\.


--
-- Data for Name: users; Type: TABLE DATA; Schema: public; Owner: dim
--

COPY public.users (id, created_at, updated_at, email, encrypted_password, reset_password_token, reset_password_sent_at, remember_created_at, sign_in_count, current_sign_in_at, last_sign_in_at, current_sign_in_ip, last_sign_in_ip) FROM stdin;
1	2019-09-27 17:19:18.290542	2019-09-27 17:19:18.290542	fucker@internet.email	$2a$11$N91m9ORw9VZItsekdPctRe1v4vOhLVzLe8oY508dnZHvZxI/XkJa6	\N	\N	\N	0	\N	\N	\N	\N
\.


--
-- Name: net_points_id_seq; Type: SEQUENCE SET; Schema: public; Owner: dim
--

SELECT pg_catalog.setval('public.net_points_id_seq', 3, true);


--
-- Name: operators_id_seq; Type: SEQUENCE SET; Schema: public; Owner: dim
--

SELECT pg_catalog.setval('public.operators_id_seq', 11, true);


--
-- Name: urban_items_id_seq; Type: SEQUENCE SET; Schema: public; Owner: dim
--

SELECT pg_catalog.setval('public.urban_items_id_seq', 3, true);


--
-- Name: users_id_seq; Type: SEQUENCE SET; Schema: public; Owner: dim
--

SELECT pg_catalog.setval('public.users_id_seq', 1, true);


--
-- Name: ar_internal_metadata ar_internal_metadata_pkey; Type: CONSTRAINT; Schema: public; Owner: dim
--

ALTER TABLE ONLY public.ar_internal_metadata
    ADD CONSTRAINT ar_internal_metadata_pkey PRIMARY KEY (key);


--
-- Name: net_points net_points_pkey; Type: CONSTRAINT; Schema: public; Owner: dim
--

ALTER TABLE ONLY public.net_points
    ADD CONSTRAINT net_points_pkey PRIMARY KEY (id);


--
-- Name: operators operators_pkey; Type: CONSTRAINT; Schema: public; Owner: dim
--

ALTER TABLE ONLY public.operators
    ADD CONSTRAINT operators_pkey PRIMARY KEY (id);


--
-- Name: schema_migrations schema_migrations_pkey; Type: CONSTRAINT; Schema: public; Owner: dim
--

ALTER TABLE ONLY public.schema_migrations
    ADD CONSTRAINT schema_migrations_pkey PRIMARY KEY (version);


--
-- Name: urban_items urban_items_pkey; Type: CONSTRAINT; Schema: public; Owner: dim
--

ALTER TABLE ONLY public.urban_items
    ADD CONSTRAINT urban_items_pkey PRIMARY KEY (id);


--
-- Name: users users_pkey; Type: CONSTRAINT; Schema: public; Owner: dim
--

ALTER TABLE ONLY public.users
    ADD CONSTRAINT users_pkey PRIMARY KEY (id);


--
-- Name: index_net_points_on_operator_id; Type: INDEX; Schema: public; Owner: dim
--

CREATE INDEX index_net_points_on_operator_id ON public.net_points USING btree (operator_id);


--
-- Name: index_net_points_on_user_id; Type: INDEX; Schema: public; Owner: dim
--

CREATE INDEX index_net_points_on_user_id ON public.net_points USING btree (user_id);


--
-- Name: index_users_on_email; Type: INDEX; Schema: public; Owner: dim
--

CREATE UNIQUE INDEX index_users_on_email ON public.users USING btree (email);


--
-- Name: index_users_on_reset_password_token; Type: INDEX; Schema: public; Owner: dim
--

CREATE UNIQUE INDEX index_users_on_reset_password_token ON public.users USING btree (reset_password_token);


--
-- Name: net_points fk_rails_547ab4c4af; Type: FK CONSTRAINT; Schema: public; Owner: dim
--

ALTER TABLE ONLY public.net_points
    ADD CONSTRAINT fk_rails_547ab4c4af FOREIGN KEY (operator_id) REFERENCES public.operators(id);


--
-- Name: net_points fk_rails_9f460cec54; Type: FK CONSTRAINT; Schema: public; Owner: dim
--

ALTER TABLE ONLY public.net_points
    ADD CONSTRAINT fk_rails_9f460cec54 FOREIGN KEY (user_id) REFERENCES public.users(id);


--
-- PostgreSQL database dump complete
--

